category,subcategory,ID,Description,GeneRatio,BgRatio,RichFactor,FoldEnrichment,zScore,pvalue,p.adjust,qvalue,geneID,Count
Cellular Processes,Cell motility,hsa04820,Cytoskeleton in muscle cells,97/1750,162/5535,0.5987654320987654,1.8938095238095238,7.850543505941197,5.247157233936683e-14,1.8155164029420923e-11,1.8155164029420923e-11,7431/6383/131873/1730/633/6709/91010/287/71/2273/1286/1290/3690/1285/4628/84033/7414/6382/6641/477/85301/4627/25802/1605/23002/6385/825/3655/1729/2006/8736/1756/3679/79188/7057/1293/50509/1832/752/64423/22801/7171/4811/3688/1462/23500/10611/51778/6443/7791/5318/57731/81624/6444/9124/10398/7058/25777/1282/8515/5339/1277/72/2201/7059/171024/7094/1284/476/1289/3673/60/7169/3676/7170/4001/271/114793/832/255631/7168/1301/481/1281/3696/1287/1298/3672/2274/3908/1278/8516/22795/9672/1837/9260/83660,97
Cellular Processes,Cellular community - eukaryotes,hsa04510,Focal adhesion,96/1750,166/5535,0.5783132530120482,1.8291222030981067,7.3744824626219305,1.37438440944113e-12,2.377685028333155e-10,2.377685028333155e-10,56034/6655/858/131873/4233/5602/2013/3265/3371/5063/71/8503/1286/5296/3690/3915/1285/10627/5290/3912/5295/5156/7414/5879/5159/6093/5881/3914/3655/1729/5595/7408/5154/55742/3679/857/7057/1293/54776/22801/5293/2317/5908/3688/7791/7148/207/3909/5604/894/5894/10398/7058/3082/1282/8515/53358/1277/2012/7059/7094/1284/3673/60/896/4638/3611/7424/2316/3676/4660/5728/3725/87/5291/596/5499/8394/3696/7422/5500/1287/1298/3672/3480/2002/1398/3908/1278/8516/103910/4659/9475/3918/81/83660,96
Cellular Processes,Cell motility,hsa04810,Regulation of actin cytoskeleton,92/1750,172/5535,0.5348837209302325,1.6917607973421929,6.266455087152783,1.3151331563184542e-9,1.5167869069539505e-7,1.5167869069539505e-7,56034/6655/1730/2245/2934/26999/3265/5217/5063/71/8503/1072/5296/3690/10627/5290/1902/5295/10092/3984/4628/23365/5156/7414/4893/5879/5159/623/200576/4627/9138/6093/5881/2263/3655/1729/5595/5154/3679/10163/8976/221178/85464/10096/54776/10152/22801/5293/3688/6237/207/28964/730/81624/5604/5894/10398/8515/22800/2264/6387/8936/3673/60/2255/1129/4638/3676/4660/10093/87/10097/2246/729/5291/5499/10094/8394/3696/28984/5500/2768/3672/1398/8516/103910/10788/4659/624/9475/81/10787,92
Environmental Information Processing,Signaling molecules and interaction,hsa04518,Integrin signaling,68/1750,117/5535,0.5811965811965812,1.838241758241758,6.230865582741786,2.0860525885679647e-9,1.8044354891112894e-7,1.8044354891112894e-7,56034/131873/4233/3371/71/8503/1286/5296/3690/3915/1285/5290/3912/5295/5156/7414/5879/5159/5881/3914/3655/5154/55742/3679/3987/7057/1293/22801/5293/2317/3688/7148/207/3909/894/7058/3082/1282/8515/1277/55679/7059/7094/1284/3673/60/896/3611/7424/2316/3676/2475/87/7412/5291/3696/7422/1287/1298/3672/3480/3908/1278/8516/10979/3918/81/83660,68
Human Diseases,Cancer: overview,hsa05200,Pathways in cancer,180/1750,400/5535,0.45,1.4232857142857143,5.9758411288054365,4.001860074292916e-9,2.769287171410698e-7,2.769287171410698e-7,9446/6655/7187/5743/862/4233/5602/2949/3091/10235/3265/1613/8322/836/8454/8503/4088/1286/2737/5296/3570/2776/3915/1285/196883/5290/3912/1902/8325/182/6608/5295/3717/3569/23365/5156/2790/10018/5900/4893/1021/5879/5159/4792/1643/1026/623/3326/3066/23236/9138/6093/1910/5881/7474/4040/2947/23604/801/2263/3914/7296/11186/3655/5595/7048/5154/2946/114/6502/5888/6772/2783/2787/6777/4313/5293/5332/54331/1147/10928/183/815/3688/1030/3320/1487/59345/207/9915/3909/4616/5604/894/5894/83439/8323/3082/4854/8202/5925/4312/1282/5336/2264/6387/3716/9252/1029/8324/1856/28514/109/1284/890/3714/2034/2736/3673/6774/2255/7704/896/7424/3162/2099/7170/27113/2475/5468/7157/5728/3725/867/2308/3459/5567/4193/1728/2246/4609/8313/9618/5291/185/4851/596/1909/5292/7422/4292/1287/2768/1019/51684/7042/3480/2002/1398/3908/3481/7472/2271/57449/7855/624/5898/3592/107/2770/9475/2941/3918/54567/4436/6776/5337/5970/5899/861,180
Human Diseases,Cancer: overview,hsa05206,MicroRNAs in cancer,78/1750,143/5535,0.5454545454545454,1.7251948051948054,5.973837726480254,7.66564598030445e-9,4.420522515308899e-7,4.420522515308899e-7,7431/6935/6655/5743/4233/8651/3265/3667/3371/90427/836/8503/5296/3690/5290/5295/2146/5156/10018/4893/1021/5159/5598/1026/3066/6093/5328/7078/11186/5595/5154/6659/7057/5581/23414/2744/27250/5293/10253/994/7148/4082/4363/1945/5604/894/5894/4854/5336/10014/9252/1029/672/6774/599/3162/2475/7157/5728/1788/4193/4609/7168/5291/4851/596/4194/5292/7422/6624/5243/4170/7042/9839/1398/27086/8660/54541,78
Human Diseases,Endocrine and metabolic disease,hsa04933,AGE-RAGE signaling pathway in diabetic complications,53/1750,88/5535,0.6022727272727273,1.9049025974025977,5.817952123391022,2.385497959082737e-8,1.0811183475795373e-6,1.0811183475795373e-6,5602/3265/836/8503/4088/1286/5296/1285/5290/5295/3717/3569/4893/5879/23236/1729/5595/7048/5581/6772/2152/6777/4313/5293/5332/183/207/1282/5336/1277/5603/1284/6774/6347/7424/5600/3725/2308/7412/5291/185/596/1432/1281/5292/7422/1287/1019/7042/1278/51196/6776/5970,53
Organismal Systems,Digestive system,hsa04974,Protein digestion and absorption,36/1750,52/5535,0.6923076923076923,2.1896703296703293,5.8603673371052745,2.4996956013399705e-8,1.0811183475795373e-6,1.0811183475795373e-6,131873/6546/1286/1290/1285/120103/477/85301/6505/2006/1307/1293/50509/54407/6510/1294/10008/7373/206358/1282/1277/1284/476/1289/255631/1303/1301/481/1306/1281/1287/1298/1278/80781/1295/1803,36
Environmental Information Processing,Signal transduction,hsa04022,cGMP-PKG signaling pathway,63/1750,112/5535,0.5625,1.7791071428571428,5.6635932427353914,4.64114475854891e-8,1.6098999901342704e-6,1.6098999901342704e-6,4209/3778/6546/3667/3643/2776/134/196883/10105/4205/477/291/23236/5593/6093/1910/775/1385/801/2977/5595/7408/114/147/5581/5592/468/5332/8654/7417/207/6722/5604/5894/10398/64764/7225/109/476/488/4638/4208/490/3708/185/5499/481/1909/90993/3709/5500/2768/150/4881/4659/624/107/8660/2770/9475/9586/4776/3764,63
Human Diseases,Cancer: overview,hsa05205,Proteoglycans in cancer,84/1750,162/5535,0.5185185185185185,1.64,5.621273559928061,4.652890144896735e-8,1.6098999901342704e-6,1.6098999901342704e-6,2817/6655/6383/858/4233/4060/3091/3265/8322/836/287/71/8503/5296/3690/5290/8325/6608/5295/23365/4893/5879/6382/1026/9138/6093/7474/5328/7078/6385/5595/2549/117581/10855/857/7057/54776/27250/4313/5293/815/3688/6237/207/5604/5894/8323/3082/5336/1277/22800/5603/8324/3673/60/6774/2316/2099/5600/2475/4660/7157/867/5567/4193/3708/4609/5291/5499/1432/7422/3709/5500/7042/3480/2002/1278/3481/7472/7855/4659/5781/9475/51196,84
Organismal Systems,Immune system,hsa04611,Platelet activation,54/1750,93/5535,0.5806451612903226,1.8364976958525348,5.531368783533358,1.015354029497253e-7,3.1937499473277226e-6,3.193749947327723e-6,5321/2212/10235/71/8503/5296/3690/2776/10627/196883/5290/5295/23365/23236/6786/9138/5593/6093/2977/5595/7408/114/5592/5293/5332/5908/3688/207/5336/1277/5603/8605/7094/109/3673/60/4638/5742/5600/5567/3708/5291/5499/1432/1281/3709/5500/1278/103910/4659/107/2770/9475/83660,54
Organismal Systems,Circulatory system,hsa04270,Vascular smooth muscle contraction,50/1750,88/5535,0.5681818181818182,1.797077922077922,5.1247075680545935,7.572212261901987e-7,2.0525877147225324e-5,2.0525877147225324e-5,5321/59/3778/2776/196883/5320/4628/23365/4627/23236/9138/6093/775/801/800/2977/5595/114/147/5581/5592/54776/5583/133/5332/183/4637/5604/5894/10398/79924/8605/72/109/4638/4660/5567/3708/185/5499/1909/3709/5500/2768/140465/4881/4659/107/9475/94274,50
Organismal Systems,Endocrine system,hsa04926,Relaxin signaling pathway,56/1750,102/5535,0.5490196078431373,1.736470588235294,5.104360047001107,7.712034766298532e-7,2.0525877147225324e-5,2.0525877147225324e-5,59/6655/5602/3265/8503/1286/5296/1285/196883/5290/5295/2790/4893/4792/23236/1910/1385/5595/7048/114/2783/2787/408/4313/5293/468/5332/54331/59345/207/5604/5894/4312/1282/53358/1277/5603/64764/109/1284/7424/5600/3725/5567/59350/5291/1432/1281/7422/90993/1287/1278/107/2770/9586/5970,56
Human Diseases,Infectious disease: viral,hsa05165,Human papillomavirus infection,117/1750,256/5535,0.45703125,1.4455245535714283,4.9627392258551,9.596178908254726e-7,2.3312320753182793e-5,2.3312320753182793e-5,527/6655/7187/5743/10134/131873/6009/3105/3265/3371/84552/8322/836/8503/1286/5296/3690/3915/8992/1285/5290/3912/8325/182/5295/3516/4893/1021/5159/1026/3066/1385/7474/3914/3655/5595/7098/3679/5523/7057/1293/6772/9114/22801/5293/1147/523/3688/3996/7148/207/3909/5604/894/5894/10474/83439/7058/1108/8323/4854/5516/5925/3106/1282/8515/10312/1277/3716/7059/64764/8324/1856/1284/890/148022/3673/896/3676/533/2475/5315/5934/7157/3955/5728/2308/5567/4799/4193/8313/5291/4599/4851/9223/3696/7422/90993/1287/1298/3133/1019/23545/3672/3659/3908/1278/8516/7472/7855/535/3918/1741/9586/5663/5970/529,117
Environmental Information Processing,Signal transduction,hsa04072,Phospholipase D signaling pathway,57/1750,105/5535,0.5428571428571428,1.7169795918367348,5.043211579271542,1.0106497436350922e-6,2.3312320753182793e-5,2.3312320753182793e-5,5321/56034/6655/6009/1759/3265/3643/8503/5296/196883/5290/1902/5295/5156/5900/4893/5159/23236/2185/9265/5595/2549/5154/114/9846/5293/5332/183/26052/6237/207/9162/5604/5894/5336/53358/22800/8605/382/109/11069/5737/10411/2475/5291/185/8394/2768/10555/8877/5898/5781/107/375/55326/5337/5899,57
Environmental Information Processing,Signal transduction,hsa04015,Rap1 signaling pathway,77/1750,155/5535,0.4967741935483871,1.571225806451613,4.904426050215499,1.581824114723477e-6,3.420694648089519e-5,3.420694648089519e-5,56034/26037/4233/10235/3265/3643/9771/5217/84552/71/8503/284/64411/5296/3690/2776/1435/196883/5290/1902/5295/5156/5900/4893/5879/5159/4803/23236/5881/6494/801/2263/5595/7408/5154/114/7057/5587/5293/5332/5908/3688/6237/9855/5606/207/1945/5604/5894/3082/5603/2264/7094/109/11069/260425/60/2255/10411/7424/5600/2246/5291/51735/9223/1432/7422/51466/3480/1398/57568/5898/107/2770/51196/83660/5899,77
Environmental Information Processing,Signaling molecules and interaction,hsa04081,Hormone signaling,56/1750,105/5535,0.5333333333333333,1.686857142857143,4.831331233973671,2.6525674211905313e-6,5.3987548690113164e-5,5.398754869011317e-5,1734/3667/886/3643/8503/5296/3690/2776/196883/5290/5295/3717/2790/23236/5593/4093/114/147/2783/5592/9843/4086/2787/6777/5293/5332/54331/183/4883/59345/5021/7068/6567/109/11069/6774/10411/2099/51094/2796/5567/5291/185/658/3952/2768/3480/2852/150/3481/4881/107/2847/8660/2770/6776,56
Cellular Processes,Cell growth and death,hsa04218,Cellular senescence,68/1750,137/5535,0.49635036496350365,1.5698852971845672,4.592370894245679,6.692904339407044e-6,1.2865249452415761e-4,1.2865249452415761e-4,6009/10758/3105/3265/8503/4088/5296/678/5290/5295/3569/4893/1021/1026/291/801/8878/5595/7048/4683/10114/5293/28996/59341/1030/677/7417/6237/5606/207/4616/5604/894/5894/5810/5925/3106/22800/5603/1874/1029/890/896/5600/823/2475/5934/7157/9261/5728/2308/4193/3708/4609/5291/2309/5499/1432/2305/3709/5500/3133/204851/1019/7042/4776/5970/91750,68
Environmental Information Processing,Signal transduction,hsa04151,PI3K-Akt signaling pathway,112/1750,253/5535,0.4426877470355731,1.4001581027667984,4.429945030792457,1.0531422828188293e-5,1.917827525554289e-4,1.9178275255542893e-4,56034/6655/131873/6009/4233/3265/3667/3643/3371/8503/284/1286/5296/3690/3570/3915/1285/1435/5290/3912/1902/5295/3717/3569/5156/2790/10018/6446/4893/1021/5879/5159/1026/4803/3326/1385/2263/3914/3655/5595/5154/3679/5523/7057/1293/2783/22801/2787/5293/468/54331/1147/3688/3320/7148/59345/207/3909/1945/5604/894/5894/7058/3082/5516/1282/8515/1277/2264/3716/7059/64764/672/1284/3673/2255/3164/5562/896/1129/7424/3676/2668/2475/5934/7157/5728/4193/2246/4609/5291/596/2309/9223/3696/7422/90993/1287/1298/4170/1019/3672/3480/3908/1278/8516/3481/9180/3918/9586/54541/5970,112
Organismal Systems,Nervous system,hsa04725,Cholinergic synapse,40/1750,71/5535,0.5633802816901409,1.7818913480885312,4.508435869210727,1.2815845022179243e-5,2.1904982577691174e-4,2.1904982577691174e-4,3265/8503/5296/2776/196883/5290/5295/3717/2790/4893/23236/775/1385/5595/114/3768/2783/2787/5293/468/814/5332/54331/815/59345/207/5604/56479/64764/109/1129/5567/3708/5291/596/90993/3709/107/2770/9586,40
Organismal Systems,Endocrine system,hsa04923,Regulation of lipolysis in adipocytes,26/1750,40/5535,0.65,2.055857142857143,4.556768541267004,1.3681578828268965e-5,2.1904982577691174e-4,2.1904982577691174e-4,5743/3667/3643/8503/5296/134/196883/5290/51099/5295/5593/11343/114/5592/63924/5293/207/57104/109/5742/5567/5291/4881/107/8660/2770,26
Organismal Systems,Endocrine system,hsa04921,Oxytocin signaling pathway,55/1750,107/5535,0.514018691588785,1.6257676902536717,4.444171039893007,1.3928023604312308e-5,2.1904982577691174e-4,2.1904982577691174e-4,5321/55799/5743/3265/29904/71/2776/196883/4893/783/5598/1026/23236/6093/775/801/2977/57118/5595/114/3768/54776/814/5332/815/4637/10645/5604/5894/10398/5021/8605/109/51422/60/5562/4638/4208/785/4660/3725/5567/3708/5499/3709/5500/2002/140465/4881/4659/107/2770/1827/9475/4776,55
Environmental Information Processing,Signaling molecules and interaction,hsa04512,ECM-receptor interaction,36/1750,63/5535,0.5714285714285714,1.80734693877551,4.381906365160749,2.2703204603071908e-5,3.415351648983861e-4,3.415351648983861e-4,131873/3371/1286/3690/3915/3161/1285/3912/6382/1605/6385/3914/3655/3679/7057/1293/22801/3688/7148/3909/7058/1282/8515/1277/7059/1284/3673/3676/3696/1287/1298/3672/3908/1278/8516/3918,36
Organismal Systems,Immune system,hsa04625,C-type lectin receptor signaling pathway,43/1750,80/5535,0.5375,1.7000357142857143,4.288184603656688,2.973901101728034e-5,4.2873740883245823e-4,4.287374088324583e-4,5743/868/5602/3265/8503/5296/5290/5295/3569/23365/1960/4893/4792/801/5595/8844/6772/9020/5293/1147/6237/207/5894/5336/22800/5603/10892/834/5600/9261/3725/4193/3708/5291/602/1432/3709/1959/3659/5781/3592/4776/5970,43
Organismal Systems,Immune system,hsa04666,Fc gamma R-mediated phagosome formation,40/1750,73/5535,0.547945205479452,1.7330724070450099,4.28684829623275,3.110188597040939e-5,4.304501018304659e-4,4.304501018304659e-4,5321/274/2212/2934/8503/1072/5296/65108/5290/5295/10092/3984/5879/50807/273/5595/7408/10163/5581/10096/9846/5293/207/4082/5604/5894/5336/8605/382/8936/10093/10097/3635/5291/10094/8394/10810/1398/8877/5337,40
Human Diseases,Infectious disease: parasitic,hsa05146,Amoebiasis,36/1750,65/5535,0.5538461538461539,1.7517362637362637,4.145092018718997,5.6828268057550995e-5,7.562531056889479e-4,7.562531056889479e-4,836/5272/8503/1286/5296/2776/3915/1285/5290/3912/5295/3569/7414/338382/23236/3914/5293/5332/3909/3315/1282/1277/1284/5567/87/5291/1281/1287/7042/3908/1278/3592/107/3918/81/5970,36
Environmental Information Processing,Signal transduction,hsa04020,Calcium signaling pathway,69/1750,147/5535,0.46938775510204084,1.484606413994169,4.048924621398299,5.9942419451828356e-5,7.681510048271337e-4,7.681510048271338e-4,56034/93129/4233/3269/6546/444/886/2776/196883/3707/5136/5156/3356/10105/5159/4803/623/291/23236/6786/1910/775/2185/801/2263/57118/8913/5154/114/147/814/5256/5332/815/7417/80228/3082/5336/5021/2264/109/219931/5255/488/2255/5737/1129/4638/7424/2668/490/5567/3708/2246/53373/80271/185/1909/7422/3709/9127/5027/57620/8877/7942/624/107/51196/4776,69
Human Diseases,Infectious disease: viral,hsa05163,Human cytomegalovirus infection,78/1750,171/5535,0.45614035087719296,1.4427067669172933,3.9983010482106964,6.92271786755124e-5,8.554501364902603e-4,8.554501364902604e-4,6655/5743/6009/3105/3265/836/8503/11214/5296/3690/3570/2776/196883/5290/5295/3569/23365/5156/2790/4893/1021/5879/4792/1026/23236/9138/6093/5881/1385/2185/801/5595/114/2783/2787/5293/468/5332/54331/1147/567/59345/207/5604/5894/5925/3106/5603/6387/3716/64764/1029/109/6774/6347/5600/2475/7157/5567/4193/3708/4609/5291/1432/7422/90993/3709/3133/2768/1019/2002/1398/107/2770/9475/9586/4776/5970,78
Organismal Systems,Excretory system,hsa04960,Aldosterone-regulated sodium reabsorption,16/1750,22/5535,0.7272727272727273,2.3002597402597407,4.154828669960307,8.737319871995468e-5,0.0010424526467967008,0.0010424526467967008,3667/3643/4306/8503/5296/5290/5295/6446/23327/477/5595/5293/3291/476/5291/481,16
Environmental Information Processing,Signal transduction,hsa04024,cAMP signaling pathway,62/1750,131/5535,0.4732824427480916,1.4969247546346784,3.913580482038442,1.0432195465798756e-4,0.0012031798770554564,0.0012031798770554567,5465/5602/8503/2737/64411/5296/10257/134/196883/5290/5295/5879/4792/477/6093/5881/775/1385/801/5595/114/5293/814/5908/815/6237/6662/207/5604/5894/10398/5021/22800/5143/64764/109/476/11069/2890/488/1129/10411/3725/490/5567/84152/5291/5499/481/1909/90993/5500/2892/4881/4659/107/2770/9475/51196/9586/5337/5970,62
Human Diseases,Cardiovascular disease,hsa05414,Dilated cardiomyopathy,37/1750,69/5535,0.5362318840579711,1.6960248447204969,3.955670728698735,1.1305843724960797e-4,0.0012618780415601407,0.0012618780415601404,55799/6546/71/3690/196883/783/6641/775/1605/3655/1756/114/3679/22801/7171/183/3688/6443/6444/8515/109/488/3673/60/7169/3676/7170/785/5567/7168/3696/3672/7042/3908/8516/107/1837,37
Human Diseases,Cancer: specific types,hsa05220,Chronic myeloid leukemia,39/1750,74/5535,0.527027027027027,1.6669111969111972,3.9269325372022594,1.22260730554061e-4,0.0013219441491157846,0.0013219441491157846,6655/3265/8503/4088/5296/5290/5295/4893/1021/4792/1643/1026/3066/5595/7048/9846/6777/5293/1147/1487/207/4616/5604/5894/5925/53358/1029/7157/867/4193/4609/5291/1019/7042/1398/5781/6776/5970/861,39
Organismal Systems,Aging,hsa04211,Longevity regulating pathway,41/1750,79/5535,0.5189873417721519,1.6414828209764918,3.9045146352757722,1.294405150425191e-4,0.0013443565423598596,0.0013443565423598596,6009/27244/3265/3667/3643/8503/143686/5296/196883/5290/5295/4893/6648/1385/114/5293/468/814/207/10645/64764/10919/109/51422/5562/847/51094/2475/5468/7157/2308/5567/5291/2309/90993/3480/107/8660/9586/83667/5970,41
Human Diseases,Cardiovascular disease,hsa05418,Fluid shear stress and atherosclerosis,53/1750,109/5535,0.48623853211009177,1.5379030144167758,3.856408151364775,1.3731014969569155e-4,0.0013443565423598596,0.0013443565423598596,2817/9446/6383/858/5602/2949/71/8503/5296/3690/5290/5295/5879/4205/5598/6382/3326/445/4217/5881/2947/1843/801/6385/8878/5154/2946/857/4313/5293/1147/59341/3320/207/5603/60/5562/6347/4208/3162/5600/7157/3725/7412/1728/5291/596/658/1432/7422/9181/2941/5970,53
Environmental Information Processing,Signal transduction,hsa04014,Ras signaling pathway,75/1750,166/5535,0.45180722891566266,1.4290017211703958,3.8156807975764266,1.390288884059058e-4,0.0013443565423598596,0.0013443565423598596,5321/56034/6655/4233/5602/10235/3265/3643/9771/5063/8503/284/27/5296/1435/5290/100271927/5295/5320/5156/2790/5900/4893/8036/5879/5159/4803/5881/801/2263/11186/5595/2549/5154/8844/5924/2783/9846/2787/5293/54331/1147/10928/5908/6237/59345/207/1945/5604/5894/3082/5336/53358/22800/2264/8605/382/2255/7424/5567/2246/5291/7422/9610/3480/2002/3481/5898/5781/23179/51196/9462/5337/5970/5899,75
Organismal Systems,Endocrine system,hsa04935,"Growth hormone synthesis, secretion and action",47/1750,94/5535,0.5,1.5814285714285714,3.8656861639061812,1.3987524718195071e-4,0.0013443565423598596,0.0013443565423598596,6655/5602/8651/3265/3667/8503/5296/2776/196883/5290/5295/3717/4893/23236/775/1385/5595/114/6772/6777/5293/468/5332/5606/207/5604/5894/5336/53358/5603/64764/109/6774/5600/2475/5567/3708/5291/1432/90993/3709/1398/107/8660/2770/9586/6776,47
Organismal Systems,Immune system,hsa04062,Chemokine signaling pathway,54/1750,112/5535,0.48214285714285715,1.5249489795918367,3.8160316213944823,1.576420394894853e-4,0.0014741660990097813,0.0014741660990097813,6655/10235/3265/57580/8503/5296/2776/196883/5290/5295/3717/2790/4893/6356/5879/9844/4792/23236/6093/5881/2869/2185/5595/114/6772/2783/2787/6777/408/5293/5332/54331/1147/5908/59345/207/5604/5894/5336/53358/6387/109/6774/6347/58191/5567/6354/5291/2309/1398/107/2770/9475/5970,54
Human Diseases,Drug resistance: antineoplastic,hsa01521,EGFR tyrosine kinase inhibitor resistance,37/1750,70/5535,0.5285714285714286,1.671795918367347,3.8458908780688175,1.6769995333898327e-4,0.0015269522067181108,0.001526952206718111,56034/2621/6655/4233/3265/8503/5296/3570/5290/5295/3717/3569/5156/10018/4893/5159/2263/5595/2549/5154/5293/3084/207/5604/5894/3082/5336/53358/3716/6774/2475/5728/5291/596/2309/7422/3480,37
Human Diseases,Cancer: specific types,hsa05214,Glioma,34/1750,63/5535,0.5396825396825397,1.706938775510204,3.8369372216675512,1.8036087241452415e-4,0.0016001246629596246,0.0016001246629596246,6655/3265/8503/5296/5290/5295/5156/4893/1021/5159/1643/1026/801/57118/5595/5154/5293/814/815/207/4616/5604/5894/5925/5336/53358/1029/2475/7157/5728/4193/5291/1019/3480,34
Human Diseases,Cancer: specific types,hsa05218,Melanoma,31/1750,56/5535,0.5535714285714286,1.7508673469387757,3.83983215972832,1.8697683860453346e-4,0.0016173496539292145,0.0016173496539292145,56034/4233/3265/8503/5296/5290/5295/5156/4893/1021/5159/1643/1026/5595/5154/5293/207/4616/5604/5894/3082/5925/1029/2255/7157/5728/4193/2246/5291/1019/3480,31
Environmental Information Processing,Signal transduction,hsa04071,Sphingolipid signaling pathway,50/1750,103/5535,0.4854368932038835,1.535367545076283,3.729034758824284,2.2170478401050236e-4,0.0018709720796983857,0.0018709720796983857,5602/3265/8503/5296/2776/134/5290/8560/5295/4893/5879/23236/6093/4217/5881/259230/5595/5523/5581/55304/9846/79603/5293/8439/166929/5332/1901/207/10715/94101/4363/5604/5894/5516/5603/5600/7157/5728/5291/596/1432/253782/2768/91012/8877/624/2770/9475/5337/5970,50
Human Diseases,Infectious disease: viral,hsa05167,Kaposi sarcoma-associated herpesvirus infection,67/1750,147/5535,0.4557823129251701,1.4415743440233235,3.689388299584805,2.2809130654382045e-4,0.0018790379062895682,0.0018790379062895686,7187/5743/5602/3105/3091/3265/836/57580/8503/440738/5296/7538/5290/5295/3717/3569/2790/4893/1021/5879/4792/1026/1385/801/5595/7098/6772/2783/8678/2787/5293/54331/1147/7314/59345/207/100507436/5604/5894/83439/4277/5925/3106/5336/5603/3716/5289/148022/6774/5600/2475/7157/9261/3725/3459/3708/4609/5291/1432/7422/3709/3133/1019/84557/1827/4776/5970,67
Organismal Systems,Immune system,hsa04670,Leukocyte transendothelial migration,37/1750,71/5535,0.5211267605633803,1.6482494969818915,3.73784834879648,2.449350202660234e-4,0.001955075288574725,0.001955075288574725,7070/71/8503/5296/10627/5290/5295/7414/5879/6093/6494/2185/7408/4313/5293/5908/3688/9069/5010/10398/5336/5603/6387/11069/60/10411/3676/5600/87/7412/5291/1432/103910/5781/2770/9475/81,37
Environmental Information Processing,Signaling molecules and interaction,hsa04517,IgSF CAM signaling,86/1750,198/5535,0.43434343434343436,1.3737662337662337,3.6415788495483095,2.48622291032624e-4,0.001955075288574725,0.001955075288574725,4685/2037/203068/5602/6709/5789/8499/84552/5063/287/71/8503/5376/4133/5296/84189/3690/10627/5290/219699/5295/10092/4628/6091/7414/9414/5879/4627/5362/5595/9901/10580/8506/7082/10381/8976/79827/10096/5293/91768/5908/3688/23136/4637/207/28964/8573/57731/5604/10398/10376/64221/5336/7846/5603/382/7225/60/4638/3676/5600/8777/2308/10093/87/10097/3635/7277/5291/51735/10094/9223/1432/23705/91584/4356/9353/22999/140465/103910/5781/81/9788/8828/84790/9423,86
Organismal Systems,Sensory system,hsa04750,Inflammatory mediator regulation of TRP channels,39/1750,76/5535,0.5131578947368421,1.623045112781955,3.7185652161501705,2.556760937879596e-4,0.001965865076680756,0.0019658650766807557,5321/5602/3269/8503/5296/2776/196883/5290/5295/3356/4803/623/23236/41/801/114/5581/5583/5293/5332/59341/815/5606/5336/5603/8605/109/5600/40/5567/3708/5291/5499/1432/8989/3709/5500/624/107,39
Human Diseases,Drug resistance: antineoplastic,hsa01522,Endocrine resistance,43/1750,86/5535,0.5,1.5814285714285714,3.694816298517453,2.6600327565982104e-4,0.0019997219744597914,0.0019997219744597914,6655/5602/3265/8503/5296/196883/5290/182/5295/4893/1026/5595/114/4313/5293/207/5604/5894/4854/8202/5925/53358/5603/1029/28514/109/3714/2099/5600/2475/7157/3725/5567/4193/5291/4851/596/1432/1019/3480/2852/107/54567,43
Human Diseases,Cancer: specific types,hsa05219,Bladder cancer,21/1750,34/5535,0.6176470588235294,1.953529411764706,3.791913216770613,2.7163853410291965e-4,0.0019997219744597914,0.0019997219744597914,3265/1613/4893/1026/23604/11186/5595/7057/4313/1890/5604/5894/5925/4312/9252/1029/7157/4193/4609/7422/1019,21
Organismal Systems,Circulatory system,hsa04261,Adrenergic signaling in cardiomyocytes,50/1750,104/5535,0.4807692307692308,1.5206043956043955,3.6440997694860737,2.980133501296707e-4,0.002148179565518043,0.002148179565518043,55799/6546/2776/196883/6330/783/477/23236/775/1385/801/5595/114/5523/147/7171/468/5332/6324/183/815/207/5516/5603/9252/64764/109/476/11069/488/10411/7169/7170/5600/785/490/5567/7168/6331/185/596/5499/1432/481/90993/5500/6332/107/2770/9586,50
Organismal Systems,Aging,hsa04213,Longevity regulating pathway - multiple species,30/1750,55/5535,0.5454545454545454,1.7251948051948054,3.674949789837005,3.3520885437202325e-4,0.002286600584706737,0.002286600584706737,3265/3667/3643/8503/5296/3312/196883/5290/5295/1410/4893/6648/3310/3066/114/5293/207/109/51422/5562/847/2475/2308/5567/5291/1979/2309/3480/107/8660,30
Organismal Systems,Endocrine system,hsa04925,Aldosterone synthesis and secretion,35/1750,67/5535,0.5223880597014925,1.6522388059701494,3.652039301019053,3.3704228271688903e-4,0.002286600584706737,0.002286600584706737,2776/196883/3949/477/23236/775/1385/801/57118/8913/114/5581/5587/468/814/5332/183/815/64764/109/476/221955/3164/747/490/5567/3708/185/481/90993/3709/949/4881/107/9586,35
Human Diseases,Cardiovascular disease,hsa05410,Hypertrophic cardiomyopathy,35/1750,67/5535,0.5223880597014925,1.6522388059701494,3.652039301019053,3.3704228271688903e-4,0.002286600584706737,0.002286600584706737,55799/6546/71/3690/3569/783/6641/775/1605/3655/1756/3679/22801/7171/183/3688/6443/6444/8515/51422/488/3673/60/5562/7169/3676/7170/785/7168/3696/3672/7042/3908/8516/1837,35
Human Diseases,Cancer: specific types,hsa05212,Pancreatic cancer,37/1750,72/5535,0.5138888888888888,1.625357142857143,3.6314864039257913,3.5249264554878965e-4,0.0023454318338438696,0.0023454318338438696,5602/8503/4088/5296/5290/5295/5900/1021/5879/1643/1026/5881/5595/7048/5888/6772/5293/1147/10928/207/4616/5604/5894/5925/3716/1029/6774/2475/7157/5291/7422/1019/7042/5898/5337/5970/5899,37
Human Diseases,Cancer: overview,hsa05231,Choline metabolism in cancer,38/1750,75/5535,0.5066666666666667,1.6025142857142856,3.5719660194096914,4.2563969992471227e-4,0.002770540425936857,0.002770540425936857,5321/56034/6655/6009/5602/3091/3265/8503/5296/5290/5295/5156/5900/4893/5879/5159/5881/126969/5595/5154/56261/10163/5293/207/9162/5604/5894/8605/8936/1119/2475/3725/5291/8394/57153/1120/10810/5337,38
Organismal Systems,Endocrine system,hsa04917,Prolactin signaling pathway,31/1750,58/5535,0.5344827586206896,1.6904926108374383,3.5942420563223627,4.3239648266066554e-4,0.002770540425936857,0.002770540425936857,6655/5602/8651/3265/8503/5296/5290/5295/3717/4893/9655/5595/6772/6777/5293/207/5604/894/5894/53358/5603/2592/6774/2099/5600/5291/2309/1432/3659/6776/5970,31
Human Diseases,Infectious disease: bacterial,hsa05100,Bacterial invasion of epithelial cells,33/1750,63/5535,0.5238095238095238,1.656734693877551,3.564452649920953,4.639161326943004e-4,0.0029184542165859627,0.0029184542165859623,858/4233/1759/71/8503/5296/5290/5295/10092/7414/5879/9844/2549/10163/857/8976/10096/5293/26052/3688/1212/53358/79658/8936/60/3611/867/10093/10097/5291/10094/8218/1398,33
Organismal Systems,Development and regeneration,hsa04360,Axon guidance,68/1750,153/5535,0.4444444444444444,1.4057142857142857,3.4601890588640307,5.004156857217881e-4,0.0030918540582096196,0.003091854058209619,2048/7869/4233/3265/84552/5063/8503/1072/1947/5296/10627/5290/219699/6608/5295/3984/6091/23365/4893/5879/91653/64101/2049/6093/5881/59277/5362/7474/5595/9901/151449/2050/4756/23654/85464/5293/10500/815/3688/6237/80031/1945/5894/10398/64221/5364/5336/6387/54910/7225/10371/3611/2051/9037/5291/658/2044/91584/9353/223117/103910/5781/2770/2043/9475/4776/3983/9423,68
Cellular Processes,Cellular community - eukaryotes,hsa04540,Gap junction,34/1750,66/5535,0.5151515151515151,1.6293506493506493,3.4971668300768894,5.711573695262842e-4,0.003467025436071831,0.0034670254360718304,56034/6655/203068/3265/2776/196883/1902/5156/3356/4893/5159/5598/23236/5593/2977/5595/5154/114/7082/10381/5592/5332/5604/5894/10376/7846/109/5567/3708/7277/3709/107/2770/84790,34
Human Diseases,Cancer: specific types,hsa05215,Prostate cancer,42/1750,86/5535,0.4883720930232558,1.5446511627906978,3.461106130957952,5.898437785218864e-4,0.003518723230492633,0.003518723230492633,56034/6935/6655/3265/8503/5296/5290/5295/2352/5156/4893/5159/4792/1026/3326/1385/5328/2263/5595/5154/2119/5293/468/1147/3320/207/5604/5894/83439/5925/64764/2475/7157/5728/2308/4193/5291/596/90993/3480/9586/5970,42
Organismal Systems,Environmental adaptation,hsa04713,Circadian entrainment,30/1750,57/5535,0.5263157894736842,1.6646616541353383,3.4295149292180667,7.496259764344349e-4,0.004322843130771908,0.004322843130771908,2776/196883/2790/23236/5593/775/1385/801/2977/5595/8913/114/2783/5592/2787/5332/54331/815/59345/8864/9252/109/2890/5567/3708/8863/2892/107/5187/2770,30
Human Diseases,Cancer: overview,hsa05230,Central carbon metabolism in cancer,30/1750,57/5535,0.5263157894736842,1.6646616541353383,3.4295149292180667,7.496259764344349e-4,0.004322843130771908,0.004322843130771908,4233/3091/3265/8503/5296/5290/5295/3939/3418/5156/4893/5159/8140/2263/5595/5162/2744/6510/5293/5213/207/5604/5894/2475/5315/7157/5728/4609/5291/2539,30
Human Diseases,Endocrine and metabolic disease,hsa04931,Insulin resistance,43/1750,90/5535,0.4777777777777778,1.511142857142857,3.324070825940717,9.094091805028638e-4,0.005158288138590014,0.005158288138590014,32/5465/5602/3667/3643/8503/10999/7376/5296/5290/5295/3569/4792/1385/6720/5581/1374/5293/183/57761/207/9945/6196/64764/9882/51422/6774/5562/2475/5728/2308/5291/5509/5499/90993/5500/5781/8660/9586/5507/5834/6945/5970,43
Environmental Information Processing,Signal transduction,hsa04010,MAPK signaling pathway,94/1750,227/5535,0.41409691629955947,1.309729389553178,3.2399294084504766,9.464881921373607e-4,0.005282014749669788,0.005282014749669788,5321/56034/55799/6655/4233/5602/8491/10235/3265/3643/836/284/9064/3312/1435/5156/4893/783/5879/5159/5598/3310/4803/51347/1845/4217/5881/775/1326/1843/2263/5595/8913/7048/5154/4215/3727/1649/5924/408/9020/468/1147/994/5908/6237/4137/5606/207/4616/1945/6722/5604/5894/3082/3315/22800/5603/2264/8605/6196/9252/2255/3164/11221/4208/7424/2316/5600/2668/785/7157/9261/3725/5567/2246/4609/4216/1432/5495/7422/2768/4296/7042/7786/3480/2002/1398/1850/3481/1847/9479/5536/5970,94
Cellular Processes,Cellular community - eukaryotes,hsa04530,Tight junction,54/1750,119/5535,0.453781512605042,1.4352460984393758,3.263432989727608,0.0010216447513196978,0.005610937840581197,0.005610937840581197,5602/84552/71/4771/10627/5111/10092/4628/9414/5879/58538/23327/4627/6093/4217/7408/7082/8531/5581/10096/3688/9069/5010/3996/4637/10398/10376/5516/123720/7846/51422/60/5562/8777/51421/3725/10093/5567/87/10097/7277/51735/10094/9223/1019/140465/103910/9181/9475/154796/1741/81/84790/861,54
Organismal Systems,Nervous system,hsa04722,Neurotrophin signaling pathway,49/1750,106/5535,0.46226415094339623,1.4620754716981132,3.265965457867428,0.0010453105526483989,0.005651210175255406,0.005651210175255406,6655/5602/3265/3667/3656/8503/5296/5290/5295/4893/5879/5598/4792/4803/4217/11213/6272/801/9500/5595/2549/4215/5293/468/814/5908/815/207/5604/5894/5336/53358/5603/6196/9252/396/5600/7157/9261/3725/5291/596/2309/1432/10782/1398/5781/5663/5970,49
Organismal Systems,Endocrine system,hsa04929,GnRH secretion,22/1750,39/5535,0.5641025641025641,1.7841758241758243,3.3413967846509647,0.0011359917291320141,0.005962663588270387,0.005962663588270387,3265/8503/5296/2776/5290/5295/4893/23236/775/5595/8913/408/5293/5332/207/5604/5894/2796/3708/5291/3709/2852,22
Organismal Systems,Endocrine system,hsa04912,GnRH signaling pathway,36/1750,73/5535,0.4931506849315068,1.5597651663405088,3.273385175265392,0.0011373866960284554,0.005962663588270387,0.005962663588270387,5321/6655/5602/3265/2776/196883/4893/5598/23236/775/2185/801/5595/4215/114/4313/468/5332/815/5606/5604/5894/5603/8605/109/5600/2796/3725/5567/3708/4216/1432/3709/2002/107/5337,36
Environmental Information Processing,Signaling molecules and interaction,hsa04060,Cytokine-cytokine receptor interaction,56/1750,125/5535,0.448,1.41696,3.2059476598942056,0.0012107026251077617,0.00621484180068392,0.00621484180068392,2660/4055/9518/3570/1435/3569/958/1896/6356/3625/55504/4803/60401/3977/8743/7048/151449/8794/3624/8744/768211/4982/10220/53833/133396/6387/23765/3603/83729/6347/58191/55540/8764/2662/8795/3459/6354/85480/3976/7133/130399/8200/9235/658/3952/146433/8742/7042/9966/94/654/91/51554/3592/9180/10673,56
Cellular Processes,Cellular community - eukaryotes,hsa04550,Signaling pathways regulating pluripotency of stem cells,48/1750,104/5535,0.46153846153846156,1.4597802197802197,3.218345843911289,0.0012214139955101346,0.00621484180068392,0.00621484180068392,3265/8322/8503/4088/5296/5290/8325/5295/3717/4893/3625/7703/3977/7474/4093/2263/6929/5595/3624/9314/4086/5293/207/6926/5604/3720/5894/8323/5603/2264/3716/8324/1856/83729/6774/5600/4609/8313/3976/5291/130399/84333/658/1432/3480/7472/91/7855,48
Organismal Systems,Digestive system,hsa04970,Salivary secretion,24/1750,44/5535,0.5454545454545454,1.7251948051948052,3.283681004536669,0.0013009842031344724,0.006407191175943173,0.006407191175943173,3778/2776/196883/477/23236/5593/801/2977/114/147/55503/5592/5332/1471/109/476/6522/490/5567/3708/6844/481/3709/107,24
Human Diseases,Cancer: specific types,hsa05225,Hepatocellular carcinoma,60/1750,136/5535,0.4411764705882353,1.3953781512605044,3.1741768261514256,0.0013104289908361694,0.006407191175943173,0.006407191175943173,9446/6655/4233/2949/3265/8322/71/8503/4088/5296/5290/6598/8325/5295/8110/4893/1021/1643/1026/7474/4040/2947/7296/5595/2549/7048/2946/5293/6605/207/4616/5604/5894/83439/8323/3082/5925/5336/53358/1029/8324/1856/60/3162/2475/6603/7157/5728/1728/4609/8313/5291/1019/7042/3480/2002/3481/7472/7855/2941,60
Human Diseases,Infectious disease: bacterial,hsa05131,Shigellosis,81/1750,193/5535,0.41968911917098445,1.3274167283493707,3.147989224222888,0.0013147704436183968,0.006407191175943173,0.006407191175943173,26100/5602/5217/831/71/8454/8503/440738/5296/55054/10627/5290/5295/10092/7414/10318/5879/9844/4792/23236/6093/7334/9265/8878/54874/1729/5595/55062/10241/10163/8976/5581/10096/8678/5293/5332/1147/7314/3688/207/7307/10398/5336/5603/10892/9252/5289/382/7094/8936/834/60/3611/5600/823/2475/7157/3725/2308/10093/87/10097/4193/3708/5291/596/2309/10094/1432/3709/1398/84557/23048/103910/9181/9475/375/51196/81/5970/83660,81
Human Diseases,Cancer: specific types,hsa05222,Small cell lung cancer,40/1750,84/5535,0.47619047619047616,1.506122448979592,3.1780652721241727,0.001468266429809726,0.007055835898807849,0.00705583589880785,7187/5743/836/8503/1286/5296/3915/1285/5290/3912/5295/1021/4792/1643/1026/3914/3655/6502/5293/1147/3688/1030/207/3909/4616/5925/1282/1284/3673/7157/5728/4609/9618/5291/596/1287/1019/3908/3918/5970,40
Organismal Systems,Nervous system,hsa04726,Serotonergic synapse,30/1750,59/5535,0.5084745762711864,1.6082324455205812,3.1935191835993693,0.0015558145220958492,0.007374134584180327,0.007374134584180326,5321/247/5743/3265/836/2776/2790/3356/3751/4893/23236/775/1843/4128/5595/4129/2783/2787/5332/54331/59345/5604/5894/8605/10411/5742/5567/3708/3709/2770,30
Environmental Information Processing,Signal transduction,hsa04668,TNF signaling pathway,46/1750,100/5535,0.46,1.4549142857142858,3.121299629761395,0.0016672088592983713,0.007795327909692384,0.007795327909692385,7187/5743/5602/836/8503/5296/1435/5290/182/5295/3569/4792/4217/1385/1326/5595/1051/83786/10059/9020/5293/468/1147/5606/207/5604/7128/5603/9252/64764/6347/7424/5600/8837/3725/7412/3976/5291/7133/602/1432/90993/6868/3659/9586/5970,46
Environmental Information Processing,Signal transduction,hsa04068,FoxO signaling pathway,50/1750,111/5535,0.45045045045045046,1.4247104247104245,3.073266555857648,0.0018795563051543208,0.008671019754445267,0.008671019754445267,6655/5602/3265/3667/3643/8503/4088/5296/5290/5295/3569/10018/6446/4893/6648/1026/8743/5595/7048/23710/6502/604/5293/1147/1030/1901/207/4616/5604/894/114907/5894/5603/51422/6774/5562/847/5600/5934/5728/2308/4193/5291/2309/1432/7042/3480/8660/11345/10769,50
Environmental Information Processing,Signal transduction,hsa04371,Apelin signaling pathway,46/1750,101/5535,0.45544554455445546,1.4405091937765206,3.0378162896622194,0.0021407318631199795,0.009638574721191959,0.009638574721191959,59/4209/6546/3265/4088/440738/2776/196883/182/2790/4893/4205/23236/801/5595/114/5581/2783/8678/2787/814/5332/54331/6237/59345/207/5604/5894/4854/22800/10014/5289/109/51422/5562/4638/4208/2475/5567/3708/185/3709/84557/8877/107/2770,46
Human Diseases,Cancer: overview,hsa05235,PD-L1 expression and PD-1 checkpoint pathway in cancer,34/1750,70/5535,0.4857142857142857,1.5362448979591834,3.0698896868623926,0.0021450007327508116,0.009638574721191959,0.009638574721191959,3091/3265/8503/5296/5290/5295/3717/4893/4792/5595/4215/116071/6772/5293/1147/29126/5606/207/5604/5894/5603/3716/148022/6774/5600/2475/5728/3725/3459/5291/55509/1432/5781/5970,34
Human Diseases,Infectious disease: bacterial,hsa05135,Yersinia infection,50/1750,112/5535,0.44642857142857145,1.4119897959183674,2.994893123020745,0.0023727475434467057,0.01048717346114476,0.01048717346114476,2212/5602/71/8503/5296/2776/5290/5295/10092/3569/3984/23365/5879/9844/4792/9138/6093/5881/2185/5595/64283/10163/8976/10096/5293/1147/3688/5606/207/5604/5603/6196/382/834/148022/60/6347/3676/5600/3725/10093/10097/5291/10094/1432/9815/8394/1398/9475/5970,50
Organismal Systems,Endocrine system,hsa04915,Estrogen signaling pathway,42/1750,91/5535,0.46153846153846156,1.4597802197802199,3.0068902804887307,0.0024092538700339478,0.01048717346114476,0.01048717346114476,6655/3265/8503/5296/3312/2776/196883/5290/5295/4893/3310/3326/23236/1385/801/5595/114/4313/5293/468/5332/3320/207/5604/5894/8202/53358/64764/109/2099/3725/5567/3708/5291/596/90993/3709/2289/2852/107/2770/9586,42
Environmental Information Processing,Signal transduction,hsa04370,VEGF signaling pathway,25/1750,48/5535,0.5208333333333334,1.6473214285714286,3.0625189334000136,0.002455089740903831,0.01048717346114476,0.01048717346114476,5321/5743/3265/8503/5296/5290/5295/4893/5879/5881/5595/5293/207/5604/5894/3315/5336/5603/8605/5600/9261/5291/1432/7422/8877,25
Organismal Systems,Immune system,hsa04664,Fc epsilon RI signaling pathway,25/1750,48/5535,0.5208333333333334,1.6473214285714286,3.0625189334000136,0.002455089740903831,0.01048717346114476,0.01048717346114476,5321/6655/5602/3265/8503/5296/5290/5295/4893/5879/5881/5595/9846/5293/5606/207/5604/5894/5336/5603/8605/5600/3635/5291/1432,25
Human Diseases,Cancer: overview,hsa05207,Chemical carcinogenesis - receptor activation,57/1750,131/5535,0.4351145038167939,1.3762050163576882,2.96284013933818,0.002517957052695852,0.010615191324656001,0.010615191324656,9446/6655/5465/2949/3265/8503/5296/196883/5290/182/5295/3717/4893/3326/775/1385/2947/5595/2946/114/9314/604/6777/408/5293/468/688/3320/207/5604/5894/5925/3837/6196/64764/28514/109/6774/2255/896/2099/2475/3725/5567/4609/5291/596/7422/90993/107/2770/2941/9586/54567/6776/3839/5970,57
Human Diseases,Cancer: specific types,hsa05224,Breast cancer,48/1750,107/5535,0.4485981308411215,1.4188518024032044,2.9746646866550766,0.002546418728168925,0.010615191324656001,0.010615191324656,6655/3265/8322/8503/5296/5290/8325/182/5295/4893/1021/1643/1026/7474/4040/5595/5293/207/4616/5604/5894/83439/8323/4854/8202/5925/53358/8324/672/1856/28514/3714/2255/2099/2475/7157/5728/3725/2246/4609/8313/5291/4851/1019/3480/7472/7855/54567,48
Organismal Systems,Digestive system,hsa04978,Mineral absorption,19/1750,34/5535,0.5588235294117647,1.7674789915966387,3.0520440124055703,0.002837458315824849,0.01168762591994521,0.011687625919945212,26872/4502/6546/477/2512/4493/65010/55503/4499/9843/261729/4501/538/476/3162/1317/490/4891/481,19
Human Diseases,Infectious disease: parasitic,hsa05144,Malaria,15/1750,25/5535,0.6,1.897714285714286,3.05870787402392,0.0031111942043508273,0.01266439052594572,0.01266439052594572,6383/4233/3569/958/6382/7057/2995/7058/3082/3039/7059/6347/7412/7042/3592,15
Organismal Systems,Development and regeneration,hsa04380,Osteoclast differentiation,43/1750,95/5535,0.45263157894736844,1.431609022556391,2.885084432775906,0.003397542647238885,0.013669183208658769,0.013669183208658769,2212/5602/8651/8503/5296/3690/1435/5290/5295/5879/4792/1385/8878/5595/7048/3727/54/6772/29760/4982/9846/9020/5293/814/1147/207/5604/5336/5603/3716/488/169200/5600/5468/3725/3459/3708/5291/1432/3709/7042/2274/5970,43
Environmental Information Processing,Signaling molecules and interaction,hsa04519,Cadherin signaling,97/1750,244/5535,0.3975409836065574,1.2573653395784545,2.795643249694404,0.0036524512373049913,0.01452584055296008,0.014525840552960079,7431/1008/8463/4233/5602/1825/56129/26999/3265/8322/71/1004/4771/6330/8325/10092/5156/7414/4893/8036/5879/4643/5159/4792/51347/6093/5881/117532/7474/4040/64403/2185/23002/5595/3855/7408/7082/23286/10096/7005/10152/1832/2564/126374/7003/6324/1147/6237/23500/5606/5318/5604/84962/5894/10413/83439/8323/56097/22800/5603/8324/8936/1856/56114/60/1002/5600/8777/79633/51421/166336/8642/10093/87/84152/10097/8313/6331/5499/10094/1432/6327/5500/55233/51466/3480/10184/7472/7855/54510/9475/7004/81/10787/5663/5970/4641,97
Human Diseases,Endocrine and metabolic disease,hsa04930,Type II diabetes mellitus,17/1750,30/5535,0.5666666666666667,1.792285714285714,2.958485538747672,0.003860065877756554,0.015177077201179176,0.015177077201179178,5602/8651/3667/3643/8503/5296/5290/5295/775/5595/8913/5581/5293/2475/5315/5291/8660,17
Metabolism,Carbohydrate metabolism,hsa00562,Inositol phosphate metabolism,32/1750,67/5535,0.47761194029850745,1.5106183368869937,2.8590728074797087,0.003989270356047311,0.01546224519323032,0.01546224519323032,3613/9677/5286/5290/3707/4329/3632/9108/200576/23236/8867/253430/64419/10423/5293/5332/3705/51763/5298/5336/5289/5728/3635/80271/5291/8871/8394/51477/3628/3612/51196/22908,32
Environmental Information Processing,Signal transduction,hsa04070,Phosphatidylinositol signaling system,37/1750,80/5535,0.4625,1.4628214285714287,2.835089244364421,0.00407926405561433,0.01546224519323032,0.01546224519323032,3613/9677/8503/5286/5296/5290/3707/5295/3632/9108/200576/23236/801/8867/253430/64419/10423/5293/5332/8760/9162/3705/5298/5336/5289/5728/3635/3708/80271/5291/8871/8394/3709/3628/3612/51196/22908,37
Human Diseases,Cancer: specific types,hsa05210,Colorectal cancer,37/1750,80/5535,0.4625,1.4628214285714287,2.835089244364421,0.00407926405561433,0.01546224519323032,0.01546224519323032,6655/5602/3265/836/8503/4088/5296/5290/5295/10018/5900/4893/5879/1643/1026/5881/5595/7048/5293/207/4616/5604/5894/83439/27113/2475/7157/3725/4609/8313/5291/596/4292/7042/5898/4436/5899,37
Human Diseases,Cancer: specific types,hsa05211,Renal cell carcinoma,30/1750,62/5535,0.4838709677419355,1.530414746543779,2.8556460074797445,0.00411134843288205,0.01546224519323032,0.01546224519323032,6655/4233/3091/3265/5063/8503/5296/5290/5295/4893/5879/1026/5595/2549/5293/5908/207/9915/5604/5894/3082/2034/3725/5291/201163/7422/7042/1398/2271/5781,30
Metabolism,Amino acid metabolism,hsa00270,Cysteine and methionine metabolism,21/1750,40/5535,0.525,1.6605,2.8505235219250427,0.004730014936200494,0.01759768997769216,0.01759768997769216,1491/6723/4144/262/3939/4357/23382/1036/113675/27430/875/7263/29968/102724560/2937/1788/55256/23743/2730/26227/587,21
Human Diseases,Cardiovascular disease,hsa05412,Arrhythmogenic right ventricular cardiomyopathy,29/1750,60/5535,0.48333333333333334,1.5287142857142857,2.7996920775042424,0.0048411231497883424,0.017819453296029433,0.01781945329602943,55799/6546/71/3690/783/6641/775/1605/3655/1756/3679/1832/22801/3688/6443/5318/6444/83439/8515/488/3673/60/3676/785/3696/3672/3908/8516/1837,29
Organismal Systems,Digestive system,hsa04972,Pancreatic secretion,25/1750,50/5535,0.5,1.5814285714285714,2.8080104213257973,0.004973798462957821,0.01811509755982533,0.01811509755982533,3778/886/2776/196883/5320/5879/477/23236/114/5874/5332/5908/109/219931/476/488/9635/6522/490/3708/481/3709/8671/107/9545,25
Environmental Information Processing,Signal transduction,hsa04630,JAK-STAT signaling pathway,43/1750,97/5535,0.44329896907216493,1.4020913107511044,2.716418086151737,0.005419350310913898,0.019532241745585505,0.019532241745585505,6655/8651/3265/2273/8503/5296/3570/5290/5295/3717/3569/5156/5159/9655/1026/3977/5154/6772/53833/6777/5293/207/894/5894/133396/3716/316/6774/896/2475/3459/4609/85480/3976/5291/596/5292/3952/4170/5781/3592/9180/6776,43
Human Diseases,Cancer: specific types,hsa05223,Non-small cell lung cancer,30/1750,63/5535,0.47619047619047616,1.5061224489795917,2.746998934681157,0.005517634599084745,0.019631245782449843,0.01963124578244984,6655/4233/3265/8503/5296/5290/5295/4893/1021/1643/1026/11186/5595/6777/5293/207/4616/5604/5894/3082/5925/5336/1029/6774/3799/7157/5291/2309/1019/6776,30
Human Diseases,Infectious disease: viral,hsa05161,Hepatitis B,57/1750,135/5535,0.4222222222222222,1.3354285714285714,2.6827222839149236,0.0055602950482083364,0.019631245782449843,0.01963124578244984,6655/7187/5602/3265/836/8503/4088/5296/5290/5295/3717/5111/3569/1960/4893/1654/4792/1643/1026/1385/2185/5595/7048/7098/6772/57506/6777/5293/468/1147/5606/207/5604/5894/5925/5603/64135/3716/64764/890/148022/6774/5600/7157/3725/4609/5291/596/1432/90993/1959/7042/2002/9586/6776/4776/5970,57
Human Diseases,Cancer: specific types,hsa05221,Acute myeloid leukemia,27/1750,56/5535,0.48214285714285715,1.5249489795918367,2.6845167555510416,0.006719511706401814,0.02348435404459624,0.02348435404459624,6655/862/3265/8503/5296/5290/5295/4893/5595/6777/5293/1147/207/5604/8864/5894/83439/890/6774/7704/2475/4609/5291/5292/6776/5970/861,27
Organismal Systems,Endocrine system,hsa04927,Cortisol synthesis and secretion,23/1750,46/5535,0.5,1.5814285714285714,2.6923674380711766,0.0069351728337092465,0.023995698004633994,0.02399569800463399,57552/2776/196883/3949/23236/775/1385/8913/114/468/5332/183/64764/109/3164/5567/3708/185/90993/3709/949/107/9586,23
Organismal Systems,Endocrine system,hsa04919,Thyroid hormone signaling pathway,44/1750,101/5535,0.43564356435643564,1.3778783592644979,2.6059048290077014,0.007233194926000064,0.024779063805901207,0.02477906380590121,6009/1734/3091/3265/71/8503/5296/3690/5290/5295/4893/10231/477/3066/23236/5595/6772/5293/5332/5213/207/5604/5894/4854/8202/5336/7068/9882/6567/476/488/60/2099/2475/7157/2308/5567/4193/4609/5291/4851/481/1827/51196,44
Organismal Systems,Nervous system,hsa04730,Long-term depression,21/1750,42/5535,0.5,1.5814285714285714,2.571709296044158,0.009694392097359283,0.03272530871712711,0.0327253087171271,5321/3265/2776/4893/23236/5593/2977/5595/5592/5332/5604/5894/5516/8605/2890/3708/3709/2768/3480/2892/2770,21
Environmental Information Processing,Signal transduction,hsa04392,Hippo signaling pathway - multiple species,14/1750,25/5535,0.56,1.7712,2.6276461787286327,0.009825698893864516,0.03272530871712711,0.0327253087171271,8463/9770/4771/11186/23286/7005/126374/7003/84962/10413/79633/8642/55233/7004,14
Organismal Systems,Immune system,hsa04613,Neutrophil extracellular trap formation,33/1750,73/5535,0.4520547945205479,1.4297847358121332,2.5132878345398737,0.009836508978558436,0.03272530871712711,0.0327253087171271,2212/71/8503/5296/3690/5290/5295/10105/5879/291/3066/23236/9734/1182/5595/1183/5293/5332/7417/207/5604/5894/5336/5603/10014/834/60/5600/2475/51564/5291/1432/5970,33
Environmental Information Processing,Signaling molecules and interaction,hsa04061,Viral protein interaction with cytokine and cytokine receptor,16/1750,30/5535,0.5333333333333333,1.686857142857143,2.5648031861339353,0.010850505686078019,0.03575499968936185,0.035754999689361855,4055/3570/1435/3569/6356/8743/8794/53833/6387/6347/8764/8795/6354/7133/146433/51554,16
Organismal Systems,Nervous system,hsa04720,Long-term potentiation,24/1750,50/5535,0.48,1.5181714285714285,2.502509926347158,0.011023340531312188,0.03598184739466054,0.03598184739466054,3265/2776/4893/23236/775/801/5595/114/468/814/5332/5908/815/5604/5894/6196/2890/10411/5567/3708/5499/3709/5500/107,24
Organismal Systems,Immune system,hsa04650,Natural killer cell mediated cytotoxicity,29/1750,63/5535,0.4603174603174603,1.4559183673469385,2.4745143629345585,0.011198536585316053,0.036212090266536025,0.036212090266536025,6655/3105/3265/836/8503/5296/5290/5295/4893/5879/6452/5881/2185/8743/5595/5293/100507436/5604/5894/4277/3106/5336/53358/8795/3459/5291/3133/353091/5781,29
Human Diseases,Cancer: specific types,hsa05213,Endometrial cancer,25/1750,53/5535,0.4716981132075472,1.4919137466307277,2.446600376349665,0.012479437844224615,0.039622951827831175,0.039622951827831175,6655/3265/8503/5296/5290/5295/4893/1643/1026/5595/5293/207/4616/5604/5894/83439/3611/7157/5728/4609/8313/5291/2309/4292/2002,25
Organismal Systems,Nervous system,hsa04724,Glutamatergic synapse,33/1750,74/5535,0.44594594594594594,1.4104633204633206,2.416906142708112,0.012482374997784965,0.039622951827831175,0.039622951827831175,5321/2752/2776/196883/6512/2790/23236/6505/775/1742/5595/114/2783/54407/2744/2787/23154/5332/54331/59345/8605/81539/109/2890/5567/2897/3708/3709/2900/2892/107/2770/5337,33
Organismal Systems,Endocrine system,hsa04911,Insulin secretion,23/1750,48/5535,0.4791666666666667,1.5155357142857144,2.4390323202002318,0.013014016828837634,0.04093499838888928,0.04093499838888928,3778/886/54795/2776/196883/477/23236/775/1385/114/468/5332/815/64764/109/476/11069/5567/6844/481/90993/107/9586,23
Organismal Systems,Endocrine system,hsa04913,Ovarian steroidogenesis,17/1750,33/5535,0.5151515151515151,1.6293506493506493,2.465443312741742,0.013451590882248964,0.04193018419151479,0.04193018419151479,5321/5743/3643/196883/641371/3949/1588/114/10965/8605/109/8644/5567/949/3480/654/107,17
Organismal Systems,Nervous system,hsa04727,GABAergic synapse,22/1750,46/5535,0.4782608695652174,1.512670807453416,2.3739772282704297,0.015373193772227409,0.04707190305478481,0.047071903054784814,2752/196883/2790/775/23710/114/2783/54407/2744/2564/2787/18/54331/59345/81539/109/66008/5567/92745/107/2770/11345,22
Organismal Systems,Endocrine system,hsa04918,Thyroid hormone synthesis,22/1750,46/5535,0.4782608695652174,1.512670807453416,2.3739772282704297,0.015373193772227409,0.04707190305478481,0.047071903054784814,2878/2776/196883/477/23236/1385/114/493869/468/5332/2936/64764/109/476/5567/3708/2876/481/90993/3709/107/9586,22
Organismal Systems,Digestive system,hsa04981,Folate transport and metabolism,11/1750,19/5535,0.5789473684210527,1.8311278195488723,2.467391991699149,0.015846069426249287,0.048094210714756606,0.048094210714756606,10057/6470/10257/2352/8714/7298/4363/2356/23743/4522/6472,11
Organismal Systems,Digestive system,hsa04976,Bile secretion,18/1750,36/5535,0.5,1.5814285714285714,2.3796408717375384,0.01611798308457276,0.04849410562836674,0.048494105628366736,57552/123264/10257/196883/3949/477/8714/114/109/476/5244/6522/5567/481/8671/949/5243/107,18
Organismal Systems,Endocrine system,hsa04928,"Parathyroid hormone synthesis, secretion and action",37/1750,86/5535,0.43023255813953487,1.360764119601329,2.292555293160449,0.016394774854708923,0.04890165603214903,0.04890165603214903,4209/11214/2776/196883/4324/6446/4205/1026/23236/9138/1385/4040/5595/3727/114/9943/408/468/5332/5604/5894/5143/64764/109/4208/5567/3708/596/65266/90993/3709/2768/9935/107/2770/9586/5337,37
Human Diseases,Cancer: specific types,hsa05226,Gastric cancer,45/1750,108/5535,0.4166666666666667,1.3178571428571428,2.268138665050963,0.016716106104866197,0.04943395480584363,0.04943395480584362,6655/4233/3265/8322/8503/4088/5296/5290/8325/5295/4893/1643/1026/7474/4040/2263/5595/2549/7048/5293/1030/207/4616/5604/5894/83439/8323/3082/5925/53358/8324/1856/2255/2475/7157/2246/4609/8313/5291/596/4292/5243/7042/7472/7855,45
Metabolism,Lipid metabolism,hsa00564,Glycerophospholipid metabolism,31/1750,70/5535,0.44285714285714284,1.4006938775510203,2.293888495655968,0.016983152165118715,0.04966886185642099,0.04966886185642099,5321/253558/5320/10400/259230/23171/54947/23175/2820/56261/64900/10162/10423/81544/166929/8760/9162/23761/151056/8605/1119/9791/129642/142891/5833/1120/10555/23659/54675/55326/5337,31
Human Diseases,Cancer: overview,hsa05203,Viral carcinogenesis,60/1750,150/5535,0.4,1.2651428571428571,2.2384034545901654,0.01708264323963612,0.04966886185642099,0.04966886185642099,7187/4055/2934/3105/3265/836/8503/5296/5290/5295/1960/3516/4893/1654/1021/5879/4792/1026/3066/9734/1385/2965/5595/6502/55697/9114/6777/5293/468/1030/6722/894/1108/5925/3106/10014/3716/64764/1029/890/6774/896/5315/5934/7157/9261/3725/5567/87/51564/4193/5291/90993/1959/3133/1019/9586/81/6776/5970,60
